Date,Month,Temperature
2026-01-01,January,2
2026-01-02,January,3
2026-01-03,January,1
2026-01-04,January,0
2026-01-05,January,4
2026-01-06,January,2
2026-01-07,January,5
2026-01-08,January,1
2026-01-09,January,3
2026-01-10,January,0
2026-01-11,January,2
2026-01-12,January,4
2026-01-13,January,1
2026-01-14,January,-1
2026-01-15,January,2
2026-01-16,January,3
2026-01-17,January,0
2026-01-18,January,5
2026-01-19,January,2
2026-01-20,January,1
2026-01-21,January,-2
2026-01-22,January,0
2026-01-23,January,3
2026-01-24,January,4
2026-01-25,January,1
2026-01-26,January,2
2026-01-27,January,0
2026-01-28,January,3
2026-01-29,January,-3
2026-01-30,January,1
2026-01-31,January,2
2026-02-01,February,4
2026-02-02,February,5
2026-02-03,February,3
2026-02-04,February,6
2026-02-05,February,2
2026-02-06,February,4
2026-02-07,February,7
2026-02-08,February,5
2026-02-09,February,3
2026-02-10,February,6
2026-02-11,February,4
2026-02-12,February,8
2026-02-13,February,5
2026-02-14,February,2
2026-02-15,February,6
2026-02-16,February,4
2026-02-17,February,7
2026-02-18,February,5
2026-02-19,February,3
2026-02-20,February,6
2026-02-21,February,1
2026-02-22,February,4
2026-02-23,February,7
2026-02-24,February,5
2026-02-25,February,3
2026-02-26,February,6
2026-02-27,February,4
2026-02-28,February,5
2026-03-01,March,8
2026-03-02,March,9
2026-03-03,March,7
2026-03-04,March,10
2026-03-05,March,11
2026-03-06,March,8
2026-03-07,March,9
2026-03-08,March,12
2026-03-09,March,10
2026-03-10,March,11
2026-03-11,March,9
2026-03-12,March,13
2026-03-13,March,8
2026-03-14,March,10
2026-03-15,March,12
2026-03-16,March,11
2026-03-17,March,9
2026-03-18,March,13
2026-03-19,March,10
2026-03-20,March,12
2026-03-21,March,14
2026-03-22,March,11
2026-03-23,March,13
2026-03-24,March,10
2026-03-25,March,12
2026-03-26,March,15
2026-03-27,March,11
2026-03-28,March,13
2026-03-29,March,14
2026-03-30,March,12
2026-03-31,March,15
2026-04-01,April,14
2026-04-02,April,15
2026-04-03,April,13
2026-04-04,April,16
2026-04-05,April,17
2026-04-06,April,14
2026-04-07,April,18
2026-04-08,April,16
2026-04-09,April,15
2026-04-10,April,19
2026-04-11,April,17
2026-04-12,April,18
2026-04-13,April,16
2026-04-14,April,20
2026-04-15,April,19
2026-04-16,April,17
2026-04-17,April,18
2026-04-18,April,21
2026-04-19,April,16
2026-04-20,April,19
2026-04-21,April,20
2026-04-22,April,18
2026-04-23,April,17
2026-04-24,April,21
2026-04-25,April,19
2026-04-26,April,20
2026-04-27,April,22
2026-04-28,April,18
2026-04-29,April,21
2026-04-30,April,20
2026-05-01,May,19
2026-05-02,May,20
2026-05-03,May,18
2026-05-04,May,21
2026-05-05,May,22
2026-05-06,May,20
2026-05-07,May,23
2026-05-08,May,21
2026-05-09,May,24
2026-05-10,May,22
2026-05-11,May,20
2026-05-12,May,25
2026-05-13,May,23
2026-05-14,May,21
2026-05-15,May,24
2026-05-16,May,26
2026-05-17,May,22
2026-05-18,May,25
2026-05-19,May,23
2026-05-20,May,27
2026-05-21,May,24
2026-05-22,May,26
2026-05-23,May,25
2026-05-24,May,22
2026-05-25,May,24
2026-05-26,May,28
2026-05-27,May,25
2026-05-28,May,27
2026-05-29,May,26
2026-05-30,May,24
2026-05-31,May,27
2026-06-01,June,24
2026-06-02,June,25
2026-06-03,June,23
2026-06-04,June,26
2026-06-05,June,27
2026-06-06,June,25
2026-06-07,June,28
2026-06-08,June,26
2026-06-09,June,29
2026-06-10,June,27
2026-06-11,June,25
2026-06-12,June,30
2026-06-13,June,28
2026-06-14,June,27
2026-06-15,June,31
2026-06-16,June,29
2026-06-17,June,26
2026-06-18,June,30
2026-06-19,June,28
2026-06-20,June,32
2026-06-21,June,29
2026-06-22,June,27
2026-06-23,June,31
2026-06-24,June,30
2026-06-25,June,28
2026-06-26,June,33
2026-06-27,June,29
2026-06-28,June,31
2026-06-29,June,30
2026-06-30,June,32
2026-07-01,July,27
2026-07-02,July,28
2026-07-03,July,29
2026-07-04,July,30
2026-07-05,July,28
2026-07-06,July,31
2026-07-07,July,29
2026-07-08,July,32
2026-07-09,July,30
2026-07-10,July,34
2026-07-11,July,33
2026-07-12,July,35
2026-07-13,July,31
2026-07-14,July,32
2026-07-15,July,36
2026-07-16,July,34
2026-07-17,July,33
2026-07-18,July,37
2026-07-19,July,35
2026-07-20,July,32
2026-07-21,July,34
2026-07-22,July,38
2026-07-23,July,36
2026-07-24,July,35
2026-07-25,July,39
2026-07-26,July,34
2026-07-27,July,37
2026-07-28,July,36
2026-07-29,July,33
2026-07-30,July,35
2026-07-31,July,34
2026-08-01,August,28
2026-08-02,August,30
2026-08-03,August,31
2026-08-04,August,29
2026-08-05,August,32
2026-08-06,August,33
2026-08-07,August,30
2026-08-08,August,34
2026-08-09,August,32
2026-08-10,August,35
2026-08-11,August,31
2026-08-12,August,33
2026-08-13,August,36
2026-08-14,August,34
2026-08-15,August,37
2026-08-16,August,32
2026-08-17,August,35
2026-08-18,August,33
2026-08-19,August,38
2026-08-20,August,34
2026-08-21,August,36
2026-08-22,August,35
2026-08-23,August,37
2026-08-24,August,33
2026-08-25,August,39
2026-08-26,August,36
2026-08-27,August,34
2026-08-28,August,37
2026-08-29,August,35
2026-08-30,August,36
2026-08-31,August,34
2026-09-01,September,22
2026-09-02,September,23
2026-09-03,September,21
2026-09-04,September,24
2026-09-05,September,25
2026-09-06,September,23
2026-09-07,September,26
2026-09-08,September,24
2026-09-09,September,27
2026-09-10,September,25
2026-09-11,September,23
2026-09-12,September,28
2026-09-13,September,26
2026-09-14,September,24
2026-09-15,September,29
2026-09-16,September,27
2026-09-17,September,25
2026-09-18,September,30
2026-09-19,September,28
2026-09-20,September,26
2026-09-21,September,29
2026-09-22,September,27
2026-09-23,September,25
2026-09-24,September,28
2026-09-25,September,26
2026-09-26,September,24
2026-09-27,September,23
2026-09-28,September,25
2026-09-29,September,22
2026-09-30,September,24
2026-10-01,October,16
2026-10-02,October,17
2026-10-03,October,15
2026-10-04,October,18
2026-10-05,October,19
2026-10-06,October,17
2026-10-07,October,20
2026-10-08,October,18
2026-10-09,October,16
2026-10-10,October,21
2026-10-11,October,19
2026-10-12,October,17
2026-10-13,October,20
2026-10-14,October,18
2026-10-15,October,16
2026-10-16,October,22
2026-10-17,October,19
2026-10-18,October,17
2026-10-19,October,21
2026-10-20,October,18
2026-10-21,October,16
2026-10-22,October,20
2026-10-23,October,19
2026-10-24,October,17
2026-10-25,October,21
2026-10-26,October,18
2026-10-27,October,16
2026-10-28,October,19
2026-10-29,October,17
2026-10-30,October,20
2026-10-31,October,18
2026-11-01,November,10
2026-11-02,November,11
2026-11-03,November,9
2026-11-04,November,12
2026-11-05,November,13
2026-11-06,November,10
2026-11-07,November,14
2026-11-08,November,12
2026-11-09,November,11
2026-11-10,November,15
2026-11-11,November,13
2026-11-12,November,10
2026-11-13,November,14
2026-11-14,November,12
2026-11-15,November,9
2026-11-16,November,16
2026-11-17,November,11
2026-11-18,November,13
2026-11-19,November,10
2026-11-20,November,14
2026-11-21,November,12
2026-11-22,November,8
2026-11-23,November,13
2026-11-24,November,11
2026-11-25,November,15
2026-11-26,November,10
2026-11-27,November,12
2026-11-28,November,9
2026-11-29,November,14
2026-11-30,November,11
2026-12-01,December,4
2026-12-02,December,5
2026-12-03,December,3
2026-12-04,December,2
2026-12-05,December,6
2026-12-06,December,4
2026-12-07,December,1
2026-12-08,December,3
2026-12-09,December,0
2026-12-10,December,5
2026-12-11,December,2
2026-12-12,December,4
2026-12-13,December,1
2026-12-14,December,-1
2026-12-15,December,3
2026-12-16,December,0
2026-12-17,December,2
2026-12-18,December,-2
2026-12-19,December,1
2026-12-20,December,4
2026-12-21,December,-3
2026-12-22,December,0
2026-12-23,December,2
2026-12-24,December,-4
2026-12-25,December,1
2026-12-26,December,-1
2026-12-27,December,3
2026-12-28,December,-5
2026-12-29,December,0
2026-12-30,December,-2
2026-12-31,December,2